Workbook

Sheet 使い方
A1: 手取り計算シート(お小遣い副業 スターターパック ④)
A2: ※ このファイルに入っている日付・内容・金額は、ぜんぶ練習用のサンプル(架空)です。
A4: 【このシートでわかること】
A5: 売れた金額から、売り場の手数料を引いた「手取り」と、経費を引いた「所得(もうけ)」が自動で出ます。第4章②「副業の売上と経費の記録シート」をくわしくしたものです。
A7: 【色の意味】
A8: 黄色のマス = あなたが書き込むところ ／ 灰色のマス = 自動で計算されるところ(さわらない)
A10: 【まずは練習】
A11: 1. 「まとめ」を開いて、サンプルの数字で何が出ているかを見ます(今は赤字の例です)。
A12: 2. 「売上記録」の売上額(D列)を1つ書き換えて、「まとめ」の数字が変わるのを見ます。
A13: 3. 「手取り早見」で、売値を書き換えると、売り場ごとの1件の手取りが変わるのを見ます。
A15: 【自分の数字を入れる手順】
A16: 1. このファイルをコピーして、別の名前で保存します(元のファイルは練習用に残しておきます)。
... A37: ・お客さんの名前や連絡先、パスワードは、このシートに書かないでください。

Sheet 設定
A1: 設定(黄色いマスを、自分の状況に合わせて書き換えます)
A2: ※ 手数料は2026年10月時点の目安です。使う前に、必ず各売り場の公式ページで確認してください。
A3: ※ ココナラ・BOOTHの出金(売上を引き出すとき)の手数料は入れていません。かかったら「経費」シートに入れます。
A5: 売り場 | B5: 決済手数料率(%) 先に引く | C5: 利用料率(%) 残りにかける | D5: 1件ごとの 固定額(円) | E5: 端数の扱い (▼で選ぶ) | F5: 振込手数料(円) 振込1回ごと | G5: メモ
A6: ココナラ | B6: 0 | C6: 0.22 | D6: 0 | E6: 切り捨て | F6: 0 | G6: サービス料22%(税込)。出金(売上を引き出すとき)の手数料は入れていません。
A7: BOOTH | B7: 0 | C7: 0.056 | D7: 45 | E7: 切り上げ | F7: 0 | G7: 5.6%+45円(2025年10月28日改定)。公式のお知らせでは円未満は切り上げ。出金の手数料は入れていません。
A8: note | B8: 0.05 | C8: 0.1 | D8: 0 | E8: 切り捨て | F8: 270 | G8: カード払いの例。先に事務手数料(カード5%。キャリア決済は15%など)を引き、残りに利用料10%(定期購読マガジンは20%)。各手数料は円未満切り捨て。振込手数料は振込1回ごとに270円。
A9: 直接取引 | B9: 0 | C9: 0 | D9: 0 | E9: 切り捨て | F9: 0 | G9: 知り合いなどに直接売る場合。手数料0円の設定です。振込の手数料などがかかるなら「経費」に入れます。
A10: その他 | B10: 0 | C10: 0 | D10: 0 | E10: 切り捨て | F10: 0 | G10: 上にない売り場用。名前と手数料を、公式ページで確かめて自分で入れます。
A12: Claude Codeの月額
A13: 月額(ドル) | B13: 20 | C13: Proプランの月払いは月$20(2026年10月時点)。年払い・Maxプランなら、その金額に書き換えます。
A14: 為替レート(1ドル=何円) | C14: 最初は空です。カードの明細などを見て、自分で入れます(このシートでは数字を決めていません)。
A15: 月額(円) | B15: =IF(OR(B13="",B14=""),"",ROUND(B13*B14,0)) | C15: 自動で計算(為替レートを入れると出ます)
A17: 所得税の申告の目安
A18: 年間の目安(円) | B18: 200000 | C18: 給料を1か所からもらい、税金が天引き(源泉徴収)されている人は、
C19: 給料以外の所得が年20万円を「超える」と、所得税の確定申告が必要な目安です。住民税は別です。

Sheet 売上記録
A1: 日付 | B1: 売り場 (▼で選ぶ) | C1: 内容 | D1: 売上額(円) | E1: 決済手数料 (円) | F1: 利用料 (円) | G1: 固定額 (円) | H1: 手数料合計 (円) | I1: 手取り (円) | J1: メモ
A2: 46124 | B2: note | C2: 有料記事を1本(サンプル) | D2: 1000 | E2: =IF(OR($B2="",$D2=""),"",IFERROR(IF(VLOOKUP($B2,設定!$A$6:$G$10,5,FALSE)="切り上げ",ROUNDUP(ROUND($D2*VLOOKUP($B2,設定!$A$6:$G$10,2,FALSE),6),0),ROUNDDOWN(ROUND($D2*VLOOKUP($B2,設定!$A$6:$G$10,2,FALSE),6),0)),"売り場名?")) | F2: =IF(ISNUMBER($E2),IF(VLOOKUP($B2,設定!$A$6:$G$10,5,FALSE)="切り上げ",ROUNDUP(ROUND(($D2-$E2)*VLOOKUP($B2,設定!$A$6:$G$10,3,FALSE),6),0),ROUNDDOWN(ROUND(($D2-$E2)*VLOOKUP($B2,設定!$A$6:$G$10,3,FALSE),6),0)),"") | G2: =IF(ISNUMBER($E2),VLOOKUP($B2,設定!$A$6:$G$10,4,FALSE),"") | H2: =IF(ISNUMBER($E2),$E2+$F2+$G2,"") | I2: =IF(ISNUMBER($H2),$D2-$H2,IF(AND($D2<>"",$B2=""),"←売り場を選ぶ",""))
A3: 46145 | B3: BOOTH | C3: 管理表のひな形(サンプル) | D3: 1000 | E3: =IF(OR($B3="",$D3=""),"",IFERROR(IF(VLOOKUP($B3,設定!$A$6:$G$10,5,FALSE)="切り上げ",ROUNDUP(ROUND($D3*VLOOKUP($B3,設定!$A$6:$G$10,2,FALSE),6),0),ROUNDDOWN(ROUND($D3*VLOOKUP($B3,設定!$A$6:$G$10,2,FALSE),6),0)),"売り場名?")) | F3: =IF(ISNUMBER($E3),IF(VLOOKUP($B3,設定!$A$6:$G$10,5,FALSE)="切り上げ",ROUNDUP(ROUND(($D3-$E3)*VLOOKUP($B3,設定!$A$6:$G$10,3,FALSE),6),0),ROUNDDOWN(ROUND(($D3-$E3)*VLOOKUP($B3,設定!$A$6:$G$10,3,FALSE),6),0)),"") | G3: =IF(ISNUMBER($E3),VLOOKUP($B3,設定!$A$6:$G$10,4,FALSE),"") | H3: =IF(ISNUMBER($E3),$E3+$F3+$G3,"") | I3: =IF(ISNUMBER($H3),$D3-$H3,IF(AND($D3<>"",$B3=""),"←売り場を選ぶ",""))
A4: 46193 | B4: ココナラ | C4: かんたんな集計シート作り(サンプル) | D4: 3000 | E4: =IF(OR($B4="",$D4=""),"",IFERROR(IF(VLOOKUP($B4,設定!$A$6:$G$10,5,FALSE)="切り上げ",ROUNDUP(ROUND($D4*VLOOKUP($B4,設定!$A$6:$G$10,2,FALSE),6),0),ROUNDDOWN(ROUND($D4*VLOOKUP($B4,設定!$A$6:$G$10,2,FALSE),6),0)),"売り場名?")) | F4: =IF(ISNUMBER($E4),IF(VLOOKUP($B4,設定!$A$6:$G$10,5,FALSE)="切り上げ",ROUNDUP(ROUND(($D4-$E4)*VLOOKUP($B4,設定!$A$6:$G$10,3,FALSE),6),0),ROUNDDOWN(ROUND(($D4-$E4)*VLOOKUP($B4,設定!$A$6:$G$10,3,FALSE),6),0)),"") | G4: =IF(ISNUMBER($E4),VLOOKUP($B4,設定!$A$6:$G$10,4,FALSE),"") | H4: =IF(ISNUMBER($E4),$E4+$F4+$G4,"") | I4: =IF(ISNUMBER($H4),$D4-$H4,IF(AND($D4<>"",$B4=""),"←売り場を選ぶ",""))
A5: 46218 | B5: 直接取引 | C5: 知り合いのお店の表(サンプル) | D5: 5000 | E5: =IF(OR($B5="",$D5=""),"",IFERROR(IF(VLOOKUP($B5,設定!$A$6:$G$10,5,FALSE)="切り上げ",ROUNDUP(ROUND($D5*VLOOKUP($B5,設定!$A$6:$G$10,2,FALSE),6),0),ROUNDDOWN(ROUND($D5*VLOOKUP($B5,設定!$A$6:$G$10,2,FALSE),6),0)),"売り場名?")) | F5: =IF(ISNUMBER($E5),IF(VLOOKUP($B5,設定!$A$6:$G$10,5,FALSE)="切り上げ",ROUNDUP(ROUND(($D5-$E5)*VLOOKUP($B5,設定!$A$6:$G$10,3,FALSE),6),0),ROUNDDOWN(ROUND(($D5-$E5)*VLOOKUP($B5,設定!$A$6:$G$10,3,FALSE),6),0)),"") | G5: =IF(ISNUMBER($E5),VLOOKUP($B5,設定!$A$6:$G$10,4,FALSE),"") | H5: =IF(ISNUMBER($E5),$E5+$F5+$G5,"") | I5: =IF(ISNUMBER($H5),$D5-$H5,IF(AND($D5<>"",$B5=""),"←売り場を選ぶ",""))
A6: 46243 | B6: BOOTH | C6: 管理表のひな形・改良版(サンプル) | D6: 1234 | E6: =IF(OR($B6="",$D6=""),"",IFERROR(IF(VLOOKUP($B6,設定!$A$6:$G$10,5,FALSE)="切り上げ",ROUNDUP(ROUND($D6*VLOOKUP($B6,設定!$A$6:$G$10,2,FALSE),6),0),ROUNDDOWN(ROUND($D6*VLOOKUP($B6,設定!$A$6:$G$10,2,FALSE),6),0)),"売り場名?")) | F6: =IF(ISNUMBER($E6),IF(VLOOKUP($B6,設定!$A$6:$G$10,5,FALSE)="切り上げ",ROUNDUP(ROUND(($D6-$E6)*VLOOKUP($B6,設定!$A$6:$G$10,3,FALSE),6),0),ROUNDDOWN(ROUND(($D6-$E6)*VLOOKUP($B6,設定!$A$6:$G$10,3,FALSE),6),0)),"") | G6: =IF(ISNUMBER($E6),VLOOKUP($B6,設定!$A$6:$G$10,4,FALSE),"") | H6: =IF(ISNUMBER($E6),$E6+$F6+$G6,"") | I6: =IF(ISNUMBER($H6),$D6-$H6,IF(AND($D6<>"",$B6=""),"←売り場を選ぶ",""))
A7: 46287 | B7: ココナラ | C7: 集計シート作り(サンプル) | D7: 3000 | E7: =IF(OR($B7="",$D7=""),"",IFERROR(IF(VLOOKUP($B7,設定!$A$6:$G$10,5,FALSE)="切り上げ",ROUNDUP(ROUND($D7*VLOOKUP($B7,設定!$A$6:$G$10,2,FALSE),6),0),ROUNDDOWN(ROUND($D7*VLOOKUP($B7,設定!$A$6:$G$10,2,FALSE),6),0)),"売り場名?")) | F7: =IF(ISNUMBER($E7),IF(VLOOKUP($B7,設定!$A$6:$G$10,5,FALSE)="切り上げ",ROUNDUP(ROUND(($D7-$E7)*VLOOKUP($B7,設定!$A$6:$G$10,3,FALSE),6),0),ROUNDDOWN(ROUND(($D7-$E7)*VLOOKUP($B7,設定!$A$6:$G$10,3,FALSE),6),0)),"") | G7: =IF(ISNUMBER($E7),VLOOKUP($B7,設定!$A$6:$G$10,4,FALSE),"") | H7: =IF(ISNUMBER($E7),$E7+$F7+$G7,"") | I7: =IF(ISNUMBER($H7),$D7-$H7,IF(AND($D7<>"",$B7=""),"←売り場を選ぶ",""))
E8: =IF(OR($B8="",$D8=""),"",IFERROR(IF(VLOOKUP($B8,設定!$A$6:$G$10,5,FALSE)="切り上げ",ROUNDUP(ROUND($D8*VLOOKUP($B8,設定!$A$6:$G$10,2,FALSE),6),0),ROUNDDOWN(ROUND($D8*VLOOKUP($B8,設定!$A$6:$G$10,2,FALSE),6),0)),"売り場名?")) | F8: =IF(ISNUMBER($E8),IF(VLOOKUP($B8,設定!$A$6:$G$10,5,FALSE)="切り上げ",ROUNDUP(ROUND(($D8-$E8)*VLOOKUP($B8,設定!$A$6:$G$10,3,FALSE),6),0),ROUNDDOWN(ROUND(($D8-$E8)*VLOOKUP($B8,設定!$A$6:$G$10,3,FALSE),6),0)),"") | G8: =IF(ISNUMBER($E8),VLOOKUP($B8,設定!$A$6:$G$10,4,FALSE),"") | H8: =IF(ISNUMBER($E8),$E8+$F8+$G8,"") | I8: =IF(ISNUMBER($H8),$D8-$H8,IF(AND($D8<>"",$B8=""),"←売り場を選ぶ",""))
E9: =IF(OR($B9="",$D9=""),"",IFERROR(IF(VLOOKUP($B9,設定!$A$6:$G$10,5,FALSE)="切り上げ",ROUNDUP(ROUND($D9*VLOOKUP($B9,設定!$A$6:$G$10,2,FALSE),6),0),ROUNDDOWN(ROUND($D9*VLOOKUP($B9,設定!$A$6:$G$10,2,FALSE),6),0)),"売り場名?")) | F9: =IF(ISNUMBER($E9),IF(VLOOKUP($B9,設定!$A$6:$G$10,5,FALSE)="切り上げ",ROUNDUP(ROUND(($D9-$E9)*VLOOKUP($B9,設定!$A$6:$G$10,3,FALSE),6),0),ROUNDDOWN(ROUND(($D9-$E9)*VLOOKUP($B9,設定!$A$6:$G$10,3,FALSE),6),0)),"") | G9: =IF(ISNUMBER($E9),VLOOKUP($B9,設定!$A$6:$G$10,4,FALSE),"") | H9: =IF(ISNUMBER($E9),$E9+$F9+$G9,"") | I9: =IF(ISNUMBER($H9),$D9-$H9,IF(AND($D9<>"",$B9=""),"←売り場を選ぶ",""))
E10: =IF(OR($B10="",$D10=""),"",IFERROR(IF(VLOOKUP($B10,設定!$A$6:$G$10,5,FALSE)="切り上げ",ROUNDUP(ROUND($D10*VLOOKUP($B10,設定!$A$6:$G$10,2,FALSE),6),0),ROUNDDOWN(ROUND($D10*VLOOKUP($B10,設定!$A$6:$G$10,2,FALSE),6),0)),"売り場名?")) | F10: =IF(ISNUMBER($E10),IF(VLOOKUP($B10,設定!$A$6:$G$10,5,FALSE)="切り上げ",ROUNDUP(ROUND(($D10-$E10)*VLOOKUP($B10,設定!$A$6:$G$10,3,FALSE),6),0),ROUNDDOWN(ROUND(($D10-$E10)*VLOOKUP($B10,設定!$A$6:$G$10,3,FALSE),6),0)),"") | G10: =IF(ISNUMBER($E10),VLOOKUP($B10,設定!$A$6:$G$10,4,FALSE),"") | H10: =IF(ISNUMBER($E10),$E10+$F10+$G10,"") | I10: =IF(ISNUMBER($H10),$D10-$H10,IF(AND($D10<>"",$B10=""),"←売り場を選ぶ",""))
E11: =IF(OR($B11="",$D11=""),"",IFERROR(IF(VLOOKUP($B11,設定!$A$6:$G$10,5,FALSE)="切り上げ",ROUNDUP(ROUND($D11*VLOOKUP($B11,設定!$A$6:$G$10,2,FALSE),6),0),ROUNDDOWN(ROUND($D11*VLOOKUP($B11,設定!$A$6:$G$10,2,FALSE),6),0)),"売り場名?")) | F11: =IF(ISNUMBER($E11),IF(VLOOKUP($B11,設定!$A$6:$G$10,5,FALSE)="切り上げ",ROUNDUP(ROUND(($D11-$E11)*VLOOKUP($B11,設定!$A$6:$G$10,3,FALSE),6),0),ROUNDDOWN(ROUND(($D11-$E11)*VLOOKUP($B11,設定!$A$6:$G$10,3,FALSE),6),0)),"") | G11: =IF(ISNUMBER($E11),VLOOKUP($B11,設定!$A$6:$G$10,4,FALSE),"") | H11: =IF(ISNUMBER($E11),$E11+$F11+$G11,"") | I11: =IF(ISNUMBER($H11),$D11-$H11,IF(AND($D11<>"",$B11=""),"←売り場を選ぶ",""))
E12: =IF(OR($B12="",$D12=""),"",IFERROR(IF(VLOOKUP($B12,設定!$A$6:$G$10,5,FALSE)="切り上げ",ROUNDUP(ROUND($D12*VLOOKUP($B12,設定!$A$6:$G$10,2,FALSE),6),0),ROUNDDOWN(ROUND($D12*VLOOKUP($B12,設定!$A$6:$G$10,2,FALSE),6),0)),"売り場名?")) | F12: =IF(ISNUMBER($E12),IF(VLOOKUP($B12,設定!$A$6:$G$10,5,FALSE)="切り上げ",ROUNDUP(ROUND(($D12-$E12)*VLOOKUP($B12,設定!$A$6:$G$10,3,FALSE),6),0),ROUNDDOWN(ROUND(($D12-$E12)*VLOOKUP($B12,設定!$A$6:$G$10,3,FALSE),6),0)),"") | G12: =IF(ISNUMBER($E12),VLOOKUP($B12,設定!$A$6:$G$10,4,FALSE),"") | H12: =IF(ISNUMBER($E12),$E12+$F12+$G12,"") | I12: =IF(ISNUMBER($H12),$D12-$H12,IF(AND($D12<>"",$B12=""),"←売り場を選ぶ",""))
E13: =IF(OR($B13="",$D13=""),"",IFERROR(IF(VLOOKUP($B13,設定!$A$6:$G$10,5,FALSE)="切り上げ",ROUNDUP(ROUND($D13*VLOOKUP($B13,設定!$A$6:$G$10,2,FALSE),6),0),ROUNDDOWN(ROUND($D13*VLOOKUP($B13,設定!$A$6:$G$10,2,FALSE),6),0)),"売り場名?")) | F13: =IF(ISNUMBER($E13),IF(VLOOKUP($B13,設定!$A$6:$G$10,5,FALSE)="切り上げ",ROUNDUP(ROUND(($D13-$E13)*VLOOKUP($B13,設定!$A$6:$G$10,3,FALSE),6),0),ROUNDDOWN(ROUND(($D13-$E13)*VLOOKUP($B13,設定!$A$6:$G$10,3,FALSE),6),0)),"") | G13: =IF(ISNUMBER($E13),VLOOKUP($B13,設定!$A$6:$G$10,4,FALSE),"") | H13: =IF(ISNUMBER($E13),$E13+$F13+$G13,"") | I13: =IF(ISNUMBER($H13),$D13-$H13,IF(AND($D13<>"",$B13=""),"←売り場を選ぶ",""))
E14: =IF(OR($B14="",$D14=""),"",IFERROR(IF(VLOOKUP($B14,設定!$A$6:$G$10,5,FALSE)="切り上げ",ROUNDUP(ROUND($D14*VLOOKUP($B14,設定!$A$6:$G$10,2,FALSE),6),0),ROUNDDOWN(ROUND($D14*VLOOKUP($B14,設定!$A$6:$G$10,2,FALSE),6),0)),"売り場名?")) | F14: =IF(ISNUMBER($E14),IF(VLOOKUP($B14,設定!$A$6:$G$10,5,FALSE)="切り上げ",ROUNDUP(ROUND(($D14-$E14)*VLOOKUP($B14,設定!$A$6:$G$10,3,FALSE),6),0),ROUNDDOWN(ROUND(($D14-$E14)*VLOOKUP($B14,設定!$A$6:$G$10,3,FALSE),6),0)),"") | G14: =IF(ISNUMBER($E14),VLOOKUP($B14,設定!$A$6:$G$10,4,FALSE),"") | H14: =IF(ISNUMBER($E14),$E14+$F14+$G14,"") | I14: =IF(ISNUMBER($H14),$D14-$H14,IF(AND($D14<>"",$B14=""),"←売り場を選ぶ",""))
E15: =IF(OR($B15="",$D15=""),"",IFERROR(IF(VLOOKUP($B15,設定!$A$6:$G$10,5,FALSE)="切り上げ",ROUNDUP(ROUND($D15*VLOOKUP($B15,設定!$A$6:$G$10,2,FALSE),6),0),ROUNDDOWN(ROUND($D15*VLOOKUP($B15,設定!$A$6:$G$10,2,FALSE),6),0)),"売り場名?")) | F15: =IF(ISNUMBER($E15),IF(VLOOKUP($B15,設定!$A$6:$G$10,5,FALSE)="切り上げ",ROUNDUP(ROUND(($D15-$E15)*VLOOKUP($B15,設定!$A$6:$G$10,3,FALSE),6),0),ROUNDDOWN(ROUND(($D15-$E15)*VLOOKUP($B15,設定!$A$6:$G$10,3,FALSE),6),0)),"") | G15: =IF(ISNUMBER($E15),VLOOKUP($B15,設定!$A$6:$G$10,4,FALSE),"") | H15: =IF(ISNUMBER($E15),$E15+$F15+$G15,"") | I15: =IF(ISNUMBER($H15),$D15-$H15,IF(AND($D15<>"",$B15=""),"←売り場を選ぶ",""))
E16: =IF(OR($B16="",$D16=""),"",IFERROR(IF(VLOOKUP($B16,設定!$A$6:$G$10,5,FALSE)="切り上げ",ROUNDUP(ROUND($D16*VLOOKUP($B16,設定!$A$6:$G$10,2,FALSE),6),0),ROUNDDOWN(ROUND($D16*VLOOKUP($B16,設定!$A$6:$G$10,2,FALSE),6),0)),"売り場名?")) | F16: =IF(ISNUMBER($E16),IF(VLOOKUP($B16,設定!$A$6:$G$10,5,FALSE)="切り上げ",ROUNDUP(ROUND(($D16-$E16)*VLOOKUP($B16,設定!$A$6:$G$10,3,FALSE),6),0),ROUNDDOWN(ROUND(($D16-$E16)*VLOOKUP($B16,設定!$A$6:$G$10,3,FALSE),6),0)),"") | G16: =IF(ISNUMBER($E16),VLOOKUP($B16,設定!$A$6:$G$10,4,FALSE),"") | H16: =IF(ISNUMBER($E16),$E16+$F16+$G16,"") | I16: =IF(ISNUMBER($H16),$D16-$H16,IF(AND($D16<>"",$B16=""),"←売り場を選ぶ",""))
E17: =IF(OR($B17="",$D17=""),"",IFERROR(IF(VLOOKUP($B17,設定!$A$6:$G$10,5,FALSE)="切り上げ",ROUNDUP(ROUND($D17*VLOOKUP($B17,設定!$A$6:$G$10,2,FALSE),6),0),ROUNDDOWN(ROUND($D17*VLOOKUP($B17,設定!$A$6:$G$10,2,FALSE),6),0)),"売り場名?")) | F17: =IF(ISNUMBER($E17),IF(VLOOKUP($B17,設定!$A$6:$G$10,5,FALSE)="切り上げ",ROUNDUP(ROUND(($D17-$E17)*VLOOKUP($B17,設定!$A$6:$G$10,3,FALSE),6),0),ROUNDDOWN(ROUND(($D17-$E17)*VLOOKUP($B17,設定!$A$6:$G$10,3,FALSE),6),0)),"") | G17: =IF(ISNUMBER($E17),VLOOKUP($B17,設定!$A$6:$G$10,4,FALSE),"") | H17: =IF(ISNUMBER($E17),$E17+$F17+$G17,"") | I17: =IF(ISNUMBER($H17),$D17-$H17,IF(AND($D17<>"",$B17=""),"←売り場を選ぶ",""))
E18: =IF(OR($B18="",$D18=""),"",IFERROR(IF(VLOOKUP($B18,設定!$A$6:$G$10,5,FALSE)="切り上げ",ROUNDUP(ROUND($D18*VLOOKUP($B18,設定!$A$6:$G$10,2,FALSE),6),0),ROUNDDOWN(ROUND($D18*VLOOKUP($B18,設定!$A$6:$G$10,2,FALSE),6),0)),"売り場名?")) | F18: =IF(ISNUMBER($E18),IF(VLOOKUP($B18,設定!$A$6:$G$10,5,FALSE)="切り上げ",ROUNDUP(ROUND(($D18-$E18)*VLOOKUP($B18,設定!$A$6:$G$10,3,FALSE),6),0),ROUNDDOWN(ROUND(($D18-$E18)*VLOOKUP($B18,設定!$A$6:$G$10,3,FALSE),6),0)),"") | G18: =IF(ISNUMBER($E18),VLOOKUP($B18,設定!$A$6:$G$10,4,FALSE),"") | H18: =IF(ISNUMBER($E18),$E18+$F18+$G18,"") | I18: =IF(ISNUMBER($H18),$D18-$H18,IF(AND($D18<>"",$B18=""),"←売り場を選ぶ",""))
E19: =IF(OR($B19="",$D19=""),"",IFERROR(IF(VLOOKUP($B19,設定!$A$6:$G$10,5,FALSE)="切り上げ",ROUNDUP(ROUND($D19*VLOOKUP($B19,設定!$A$6:$G$10,2,FALSE),6),0),ROUNDDOWN(ROUND($D19*VLOOKUP($B19,設定!$A$6:$G$10,2,FALSE),6),0)),"売り場名?")) | F19: =IF(ISNUMBER($E19),IF(VLOOKUP($B19,設定!$A$6:$G$10,5,FALSE)="切り上げ",ROUNDUP(ROUND(($D19-$E19)*VLOOKUP($B19,設定!$A$6:$G$10,3,FALSE),6),0),ROUNDDOWN(ROUND(($D19-$E19)*VLOOKUP($B19,設定!$A$6:$G$10,3,FALSE),6),0)),"") | G19: =IF(ISNUMBER($E19),VLOOKUP($B19,設定!$A$6:$G$10,4,FALSE),"") | H19: =IF(ISNUMBER($E19),$E19+$F19+$G19,"") | I19: =IF(ISNUMBER($H19),$D19-$H19,IF(AND($D19<>"",$B19=""),"←売り場を選ぶ",""))
... E201: =IF(OR($B201="",$D201=""),"",IFERROR(IF(VLOOKUP($B201,設定!$A$6:$G$10,5,FALSE)="切り上げ",ROUNDUP(ROUND($D201*VLOOKUP($B201,設定!$A$6:$G$10,2,FALSE),6),0),ROUNDDOWN(ROUND($D201*VLOOKUP($B201,設定!$A$6:$G$10,2,FALSE),6),0)),"売り場名?")) | F201: =IF(ISNUMBER($E201),IF(VLOOKUP($B201,設定!$A$6:$G$10,5,FALSE)="切り上げ",ROUNDUP(ROUND(($D201-$E201)*VLOOKUP($B201,設定!$A$6:$G$10,3,FALSE),6),0),ROUNDDOWN(ROUND(($D201-$E201)*VLOOKUP($B201,設定!$A$6:$G$10,3,FALSE),6),0)),"") | G201: =IF(ISNUMBER($E201),VLOOKUP($B201,設定!$A$6:$G$10,4,FALSE),"") | H201: =IF(ISNUMBER($E201),$E201+$F201+$G201,"") | I201: =IF(ISNUMBER($H201),$D201-$H201,IF(AND($D201<>"",$B201=""),"←売り場を選ぶ",""))

Sheet 経費
A1: 日付 | B1: 項目 | C1: 金額(円) | D1: メモ
A2: 46113 | B2: Claude Codeの月額(サンプル) | C2: 3000 | D2: サンプル(本文の例の「月約3,000円」)。自分の金額に書き換えます
A3: 46143 | B3: Claude Codeの月額(サンプル) | C3: 3000 | D3: サンプル(本文の例の「月約3,000円」)。自分の金額に書き換えます
A4: 46174 | B4: Claude Codeの月額(サンプル) | C4: 3000 | D4: サンプル(本文の例の「月約3,000円」)。自分の金額に書き換えます
A5: 46204 | B5: Claude Codeの月額(サンプル) | C5: 3000 | D5: サンプル(本文の例の「月約3,000円」)。自分の金額に書き換えます
A6: 46235 | B6: Claude Codeの月額(サンプル) | C6: 3000 | D6: サンプル(本文の例の「月約3,000円」)。自分の金額に書き換えます
A7: 46266 | B7: Claude Codeの月額(サンプル) | C7: 3000 | D7: サンプル(本文の例の「月約3,000円」)。自分の金額に書き換えます
A8: 46183 | B8: ドメイン代(サンプル) | C8: 1500 | D8: サンプル
A9: 46295 | B9: noteの振込手数料(サンプル) | C9: 270 | D9: 振込1回ごとに270円

Sheet まとめ
A1: まとめ(自動計算)
A2: ※ いまはサンプル(架空)の数字で計算しています。自分の記録を入れると、ここが自動で変わります。
A4: 売上の合計(円) | B4: =SUMIFS(売上記録!$D$2:$D$201,売上記録!$H$2:$H$201,">=0") | C4: 手数料を引く前の金額(売り場を選んだ行だけ)
A5: 売り場に引かれた手数料(円) | B5: =SUM(売上記録!$H$2:$H$201) | C5: 決済手数料+利用料+固定額
A6: 手取りの合計(円) | B6: =SUM(売上記録!$I$2:$I$201) | C6: 売上 − 手数料
A7: 経費の合計(円) | B7: =SUM(経費!$C$2:$C$201) | C7: 「経費」シートの合計
A8: 所得=もうけ(円) | B8: =B6-B7 | C8: 手取り − 経費(マイナスは赤字)
A9: 売れた件数 | B9: =COUNT(売上記録!$I$2:$I$201) | C9: 手取りが計算できた行の数
A10: 1件あたりの平均手取り(円) | B10: =IF(B9=0,"まだ売上がありません",ROUND(B6/B9,0)) | C10: 円未満は四捨五入
A11: Claude Codeの月額(円) | B11: =IF(設定!B15="","設定で為替レートを入れると出ます",設定!B15) | C11: 「設定」の月額(ドル)×為替レート
A12: 月額の元を取るのに必要な件数(1か月あたり) | B12: =IF(B9=0,"売上が入ると出ます",IF(NOT(ISNUMBER(B11)),"設定で為替レートを入れると出ます",IF(B6<=0,"手取りが0円以下のため出せません",ROUNDUP(ROUND(B11/(B6/B9),6),0)))) | C12: 月額 ÷ 1件あたりの平均手取り(切り上げ)
A13: 年20万円の目安までの残り(円) | B13: =IF(B8>=設定!$B$18,0,設定!$B$18-MAX(B8,0)) | C13: 0円なら、目安に届いています
A15: 判定の目安 | B15: =IF(AND(B9=0,B7=0),"まだ記録がありません。売上や経費を入れると、ここに目安が出ます。",IF(B8<0,"今は赤字です(経費が手取りより"&TEXT(-B8,"#,##0")&"円多い)。最初の数か月は、よくあることです。所得はマイナスなので、20万円の目安には届いていません。",IF(B8>設定!$B$18,"所得が"&TEXT(設定!$B$18,"#,##0")&"円を超えています("&TEXT(B8,"#,##0")&"円)。給料を1か所からもらい、税金が天引きされている人は、所得税の確定申告が必要になる目安です。",IF(B8=設定!$B$18,"所得は"&TEXT(設定!$B$18,"#,##0")&"円ちょうどです。「超える」ではないので、まだ目安の内側です(所得税の確定申告は原則いらない目安)。1円でも増えると超えます。","所得は"&TEXT(設定!$B$18,"#,##0")&"円以下です("&TEXT(B8,"#,##0")&"円。"&TEXT(設定!$B$18,"#,##0")&"円まで、あと"&TEXT(設定!$B$18-B8,"#,##0")&"円)。給料を1か所からもらい、税金が天引きされている人は、所得税の確定申告は原則いらない目安です。"))))
A16: 記入もれの確認 | B16: =IF(SUMPRODUCT((売上記録!$D$2:$D$201<>"")*(売上記録!$B$2:$B$201=""))=0,"なし","売上額があるのに売り場が空の行が"&SUMPRODUCT((売上記録!$D$2:$D$201<>"")*(売上記録!$B$2:$B$201=""))&"行あります(計算に入っていません)")
A18: 【注意】
A19: ・これは税の相談ではありません。判定は一般的な目安です。あなたの場合どうなるかは、税務署・市区町村・税理士に確認してください。
A20: ・20万円の目安は所得税の話です。住民税は別で、20万円以下でも住民税の申告が必要な市区町村が多くあります。
A21: ・判定は「給料を1か所からもらい、税金が天引きされている人」の目安です。ほかの条件に当てはまると変わります。
A22: ・最新の手数料は、各売り場の公式ページで確認してください(このシートの初期値は2026年10月時点の目安)。
A23: ・所得 = 売上 − 手数料 − 経費 です(手取り − 経費 と同じ)。

Sheet 手取り早見
A1: 手取り早見(1件売れたときの手取り)
A2: 黄色の売値を書き換えると、「設定」の手数料で、売り場ごとの1件の手取りが出ます。
A3: 手数料は2026年10月時点の目安です。使う前に、各売り場の公式ページで確認してください。
A4: 1件の手取り(円) = 売値 − 手数料合計
A5: 売値(円) | B5: =設定!$A$6 | C5: =設定!$A$7 | D5: =設定!$A$8 | E5: =設定!$A$9 | F5: =設定!$A$10 | G5: =設定!$A$8&"で1件だけ売って振り込んだ場合(振込手数料を1回引く)"
A6: 500 | B6: =IF(ISNUMBER($A6),$A6-(IF(設定!$E$6="切り上げ",ROUNDUP(ROUND($A6*設定!$B$6,6),0),ROUNDDOWN(ROUND($A6*設定!$B$6,6),0))+IF(設定!$E$6="切り上げ",ROUNDUP(ROUND(($A6-IF(設定!$E$6="切り上げ",ROUNDUP(ROUND($A6*設定!$B$6,6),0),ROUNDDOWN(ROUND($A6*設定!$B$6,6),0)))*設定!$C$6,6),0),ROUNDDOWN(ROUND(($A6-IF(設定!$E$6="切り上げ",ROUNDUP(ROUND($A6*設定!$B$6,6),0),ROUNDDOWN(ROUND($A6*設定!$B$6,6),0)))*設定!$C$6,6),0))+設定!$D$6),"") | C6: =IF(ISNUMBER($A6),$A6-(IF(設定!$E$7="切り上げ",ROUNDUP(ROUND($A6*設定!$B$7,6),0),ROUNDDOWN(ROUND($A6*設定!$B$7,6),0))+IF(設定!$E$7="切り上げ",ROUNDUP(ROUND(($A6-IF(設定!$E$7="切り上げ",ROUNDUP(ROUND($A6*設定!$B$7,6),0),ROUNDDOWN(ROUND($A6*設定!$B$7,6),0)))*設定!$C$7,6),0),ROUNDDOWN(ROUND(($A6-IF(設定!$E$7="切り上げ",ROUNDUP(ROUND($A6*設定!$B$7,6),0),ROUNDDOWN(ROUND($A6*設定!$B$7,6),0)))*設定!$C$7,6),0))+設定!$D$7),"") | D6: =IF(ISNUMBER($A6),$A6-(IF(設定!$E$8="切り上げ",ROUNDUP(ROUND($A6*設定!$B$8,6),0),ROUNDDOWN(ROUND($A6*設定!$B$8,6),0))+IF(設定!$E$8="切り上げ",ROUNDUP(ROUND(($A6-IF(設定!$E$8="切り上げ",ROUNDUP(ROUND($A6*設定!$B$8,6),0),ROUNDDOWN(ROUND($A6*設定!$B$8,6),0)))*設定!$C$8,6),0),ROUNDDOWN(ROUND(($A6-IF(設定!$E$8="切り上げ",ROUNDUP(ROUND($A6*設定!$B$8,6),0),ROUNDDOWN(ROUND($A6*設定!$B$8,6),0)))*設定!$C$8,6),0))+設定!$D$8),"") | E6: =IF(ISNUMBER($A6),$A6-(IF(設定!$E$9="切り上げ",ROUNDUP(ROUND($A6*設定!$B$9,6),0),ROUNDDOWN(ROUND($A6*設定!$B$9,6),0))+IF(設定!$E$9="切り上げ",ROUNDUP(ROUND(($A6-IF(設定!$E$9="切り上げ",ROUNDUP(ROUND($A6*設定!$B$9,6),0),ROUNDDOWN(ROUND($A6*設定!$B$9,6),0)))*設定!$C$9,6),0),ROUNDDOWN(ROUND(($A6-IF(設定!$E$9="切り上げ",ROUNDUP(ROUND($A6*設定!$B$9,6),0),ROUNDDOWN(ROUND($A6*設定!$B$9,6),0)))*設定!$C$9,6),0))+設定!$D$9),"") | F6: =IF(ISNUMBER($A6),$A6-(IF(設定!$E$10="切り上げ",ROUNDUP(ROUND($A6*設定!$B$10,6),0),ROUNDDOWN(ROUND($A6*設定!$B$10,6),0))+IF(設定!$E$10="切り上げ",ROUNDUP(ROUND(($A6-IF(設定!$E$10="切り上げ",ROUNDUP(ROUND($A6*設定!$B$10,6),0),ROUNDDOWN(ROUND($A6*設定!$B$10,6),0)))*設定!$C$10,6),0),ROUNDDOWN(ROUND(($A6-IF(設定!$E$10="切り上げ",ROUNDUP(ROUND($A6*設定!$B$10,6),0),ROUNDDOWN(ROUND($A6*設定!$B$10,6),0)))*設定!$C$10,6),0))+設定!$D$10),"") | G6: =IF(ISNUMBER(D6),D6-設定!$F$8,"")
A7: 1000 | B7: =IF(ISNUMBER($A7),$A7-(IF(設定!$E$6="切り上げ",ROUNDUP(ROUND($A7*設定!$B$6,6),0),ROUNDDOWN(ROUND($A7*設定!$B$6,6),0))+IF(設定!$E$6="切り上げ",ROUNDUP(ROUND(($A7-IF(設定!$E$6="切り上げ",ROUNDUP(ROUND($A7*設定!$B$6,6),0),ROUNDDOWN(ROUND($A7*設定!$B$6,6),0)))*設定!$C$6,6),0),ROUNDDOWN(ROUND(($A7-IF(設定!$E$6="切り上げ",ROUNDUP(ROUND($A7*設定!$B$6,6),0),ROUNDDOWN(ROUND($A7*設定!$B$6,6),0)))*設定!$C$6,6),0))+設定!$D$6),"") | C7: =IF(ISNUMBER($A7),$A7-(IF(設定!$E$7="切り上げ",ROUNDUP(ROUND($A7*設定!$B$7,6),0),ROUNDDOWN(ROUND($A7*設定!$B$7,6),0))+IF(設定!$E$7="切り上げ",ROUNDUP(ROUND(($A7-IF(設定!$E$7="切り上げ",ROUNDUP(ROUND($A7*設定!$B$7,6),0),ROUNDDOWN(ROUND($A7*設定!$B$7,6),0)))*設定!$C$7,6),0),ROUNDDOWN(ROUND(($A7-IF(設定!$E$7="切り上げ",ROUNDUP(ROUND($A7*設定!$B$7,6),0),ROUNDDOWN(ROUND($A7*設定!$B$7,6),0)))*設定!$C$7,6),0))+設定!$D$7),"") | D7: =IF(ISNUMBER($A7),$A7-(IF(設定!$E$8="切り上げ",ROUNDUP(ROUND($A7*設定!$B$8,6),0),ROUNDDOWN(ROUND($A7*設定!$B$8,6),0))+IF(設定!$E$8="切り上げ",ROUNDUP(ROUND(($A7-IF(設定!$E$8="切り上げ",ROUNDUP(ROUND($A7*設定!$B$8,6),0),ROUNDDOWN(ROUND($A7*設定!$B$8,6),0)))*設定!$C$8,6),0),ROUNDDOWN(ROUND(($A7-IF(設定!$E$8="切り上げ",ROUNDUP(ROUND($A7*設定!$B$8,6),0),ROUNDDOWN(ROUND($A7*設定!$B$8,6),0)))*設定!$C$8,6),0))+設定!$D$8),"") | E7: =IF(ISNUMBER($A7),$A7-(IF(設定!$E$9="切り上げ",ROUNDUP(ROUND($A7*設定!$B$9,6),0),ROUNDDOWN(ROUND($A7*設定!$B$9,6),0))+IF(設定!$E$9="切り上げ",ROUNDUP(ROUND(($A7-IF(設定!$E$9="切り上げ",ROUNDUP(ROUND($A7*設定!$B$9,6),0),ROUNDDOWN(ROUND($A7*設定!$B$9,6),0)))*設定!$C$9,6),0),ROUNDDOWN(ROUND(($A7-IF(設定!$E$9="切り上げ",ROUNDUP(ROUND($A7*設定!$B$9,6),0),ROUNDDOWN(ROUND($A7*設定!$B$9,6),0)))*設定!$C$9,6),0))+設定!$D$9),"") | F7: =IF(ISNUMBER($A7),$A7-(IF(設定!$E$10="切り上げ",ROUNDUP(ROUND($A7*設定!$B$10,6),0),ROUNDDOWN(ROUND($A7*設定!$B$10,6),0))+IF(設定!$E$10="切り上げ",ROUNDUP(ROUND(($A7-IF(設定!$E$10="切り上げ",ROUNDUP(ROUND($A7*設定!$B$10,6),0),ROUNDDOWN(ROUND($A7*設定!$B$10,6),0)))*設定!$C$10,6),0),ROUNDDOWN(ROUND(($A7-IF(設定!$E$10="切り上げ",ROUNDUP(ROUND($A7*設定!$B$10,6),0),ROUNDDOWN(ROUND($A7*設定!$B$10,6),0)))*設定!$C$10,6),0))+設定!$D$10),"") | G7: =IF(ISNUMBER(D7),D7-設定!$F$8,"")
A8: 1500 | B8: =IF(ISNUMBER($A8),$A8-(IF(設定!$E$6="切り上げ",ROUNDUP(ROUND($A8*設定!$B$6,6),0),ROUNDDOWN(ROUND($A8*設定!$B$6,6),0))+IF(設定!$E$6="切り上げ",ROUNDUP(ROUND(($A8-IF(設定!$E$6="切り上げ",ROUNDUP(ROUND($A8*設定!$B$6,6),0),ROUNDDOWN(ROUND($A8*設定!$B$6,6),0)))*設定!$C$6,6),0),ROUNDDOWN(ROUND(($A8-IF(設定!$E$6="切り上げ",ROUNDUP(ROUND($A8*設定!$B$6,6),0),ROUNDDOWN(ROUND($A8*設定!$B$6,6),0)))*設定!$C$6,6),0))+設定!$D$6),"") | C8: =IF(ISNUMBER($A8),$A8-(IF(設定!$E$7="切り上げ",ROUNDUP(ROUND($A8*設定!$B$7,6),0),ROUNDDOWN(ROUND($A8*設定!$B$7,6),0))+IF(設定!$E$7="切り上げ",ROUNDUP(ROUND(($A8-IF(設定!$E$7="切り上げ",ROUNDUP(ROUND($A8*設定!$B$7,6),0),ROUNDDOWN(ROUND($A8*設定!$B$7,6),0)))*設定!$C$7,6),0),ROUNDDOWN(ROUND(($A8-IF(設定!$E$7="切り上げ",ROUNDUP(ROUND($A8*設定!$B$7,6),0),ROUNDDOWN(ROUND($A8*設定!$B$7,6),0)))*設定!$C$7,6),0))+設定!$D$7),"") | D8: =IF(ISNUMBER($A8),$A8-(IF(設定!$E$8="切り上げ",ROUNDUP(ROUND($A8*設定!$B$8,6),0),ROUNDDOWN(ROUND($A8*設定!$B$8,6),0))+IF(設定!$E$8="切り上げ",ROUNDUP(ROUND(($A8-IF(設定!$E$8="切り上げ",ROUNDUP(ROUND($A8*設定!$B$8,6),0),ROUNDDOWN(ROUND($A8*設定!$B$8,6),0)))*設定!$C$8,6),0),ROUNDDOWN(ROUND(($A8-IF(設定!$E$8="切り上げ",ROUNDUP(ROUND($A8*設定!$B$8,6),0),ROUNDDOWN(ROUND($A8*設定!$B$8,6),0)))*設定!$C$8,6),0))+設定!$D$8),"") | E8: =IF(ISNUMBER($A8),$A8-(IF(設定!$E$9="切り上げ",ROUNDUP(ROUND($A8*設定!$B$9,6),0),ROUNDDOWN(ROUND($A8*設定!$B$9,6),0))+IF(設定!$E$9="切り上げ",ROUNDUP(ROUND(($A8-IF(設定!$E$9="切り上げ",ROUNDUP(ROUND($A8*設定!$B$9,6),0),ROUNDDOWN(ROUND($A8*設定!$B$9,6),0)))*設定!$C$9,6),0),ROUNDDOWN(ROUND(($A8-IF(設定!$E$9="切り上げ",ROUNDUP(ROUND($A8*設定!$B$9,6),0),ROUNDDOWN(ROUND($A8*設定!$B$9,6),0)))*設定!$C$9,6),0))+設定!$D$9),"") | F8: =IF(ISNUMBER($A8),$A8-(IF(設定!$E$10="切り上げ",ROUNDUP(ROUND($A8*設定!$B$10,6),0),ROUNDDOWN(ROUND($A8*設定!$B$10,6),0))+IF(設定!$E$10="切り上げ",ROUNDUP(ROUND(($A8-IF(設定!$E$10="切り上げ",ROUNDUP(ROUND($A8*設定!$B$10,6),0),ROUNDDOWN(ROUND($A8*設定!$B$10,6),0)))*設定!$C$10,6),0),ROUNDDOWN(ROUND(($A8-IF(設定!$E$10="切り上げ",ROUNDUP(ROUND($A8*設定!$B$10,6),0),ROUNDDOWN(ROUND($A8*設定!$B$10,6),0)))*設定!$C$10,6),0))+設定!$D$10),"") | G8: =IF(ISNUMBER(D8),D8-設定!$F$8,"")
A9: 3000 | B9: =IF(ISNUMBER($A9),$A9-(IF(設定!$E$6="切り上げ",ROUNDUP(ROUND($A9*設定!$B$6,6),0),ROUNDDOWN(ROUND($A9*設定!$B$6,6),0))+IF(設定!$E$6="切り上げ",ROUNDUP(ROUND(($A9-IF(設定!$E$6="切り上げ",ROUNDUP(ROUND($A9*設定!$B$6,6),0),ROUNDDOWN(ROUND($A9*設定!$B$6,6),0)))*設定!$C$6,6),0),ROUNDDOWN(ROUND(($A9-IF(設定!$E$6="切り上げ",ROUNDUP(ROUND($A9*設定!$B$6,6),0),ROUNDDOWN(ROUND($A9*設定!$B$6,6),0)))*設定!$C$6,6),0))+設定!$D$6),"") | C9: =IF(ISNUMBER($A9),$A9-(IF(設定!$E$7="切り上げ",ROUNDUP(ROUND($A9*設定!$B$7,6),0),ROUNDDOWN(ROUND($A9*設定!$B$7,6),0))+IF(設定!$E$7="切り上げ",ROUNDUP(ROUND(($A9-IF(設定!$E$7="切り上げ",ROUNDUP(ROUND($A9*設定!$B$7,6),0),ROUNDDOWN(ROUND($A9*設定!$B$7,6),0)))*設定!$C$7,6),0),ROUNDDOWN(ROUND(($A9-IF(設定!$E$7="切り上げ",ROUNDUP(ROUND($A9*設定!$B$7,6),0),ROUNDDOWN(ROUND($A9*設定!$B$7,6),0)))*設定!$C$7,6),0))+設定!$D$7),"") | D9: =IF(ISNUMBER($A9),$A9-(IF(設定!$E$8="切り上げ",ROUNDUP(ROUND($A9*設定!$B$8,6),0),ROUNDDOWN(ROUND($A9*設定!$B$8,6),0))+IF(設定!$E$8="切り上げ",ROUNDUP(ROUND(($A9-IF(設定!$E$8="切り上げ",ROUNDUP(ROUND($A9*設定!$B$8,6),0),ROUNDDOWN(ROUND($A9*設定!$B$8,6),0)))*設定!$C$8,6),0),ROUNDDOWN(ROUND(($A9-IF(設定!$E$8="切り上げ",ROUNDUP(ROUND($A9*設定!$B$8,6),0),ROUNDDOWN(ROUND($A9*設定!$B$8,6),0)))*設定!$C$8,6),0))+設定!$D$8),"") | E9: =IF(ISNUMBER($A9),$A9-(IF(設定!$E$9="切り上げ",ROUNDUP(ROUND($A9*設定!$B$9,6),0),ROUNDDOWN(ROUND($A9*設定!$B$9,6),0))+IF(設定!$E$9="切り上げ",ROUNDUP(ROUND(($A9-IF(設定!$E$9="切り上げ",ROUNDUP(ROUND($A9*設定!$B$9,6),0),ROUNDDOWN(ROUND($A9*設定!$B$9,6),0)))*設定!$C$9,6),0),ROUNDDOWN(ROUND(($A9-IF(設定!$E$9="切り上げ",ROUNDUP(ROUND($A9*設定!$B$9,6),0),ROUNDDOWN(ROUND($A9*設定!$B$9,6),0)))*設定!$C$9,6),0))+設定!$D$9),"") | F9: =IF(ISNUMBER($A9),$A9-(IF(設定!$E$10="切り上げ",ROUNDUP(ROUND($A9*設定!$B$10,6),0),ROUNDDOWN(ROUND($A9*設定!$B$10,6),0))+IF(設定!$E$10="切り上げ",ROUNDUP(ROUND(($A9-IF(設定!$E$10="切り上げ",ROUNDUP(ROUND($A9*設定!$B$10,6),0),ROUNDDOWN(ROUND($A9*設定!$B$10,6),0)))*設定!$C$10,6),0),ROUNDDOWN(ROUND(($A9-IF(設定!$E$10="切り上げ",ROUNDUP(ROUND($A9*設定!$B$10,6),0),ROUNDDOWN(ROUND($A9*設定!$B$10,6),0)))*設定!$C$10,6),0))+設定!$D$10),"") | G9: =IF(ISNUMBER(D9),D9-設定!$F$8,"")
A10: 5000 | B10: =IF(ISNUMBER($A10),$A10-(IF(設定!$E$6="切り上げ",ROUNDUP(ROUND($A10*設定!$B$6,6),0),ROUNDDOWN(ROUND($A10*設定!$B$6,6),0))+IF(設定!$E$6="切り上げ",ROUNDUP(ROUND(($A10-IF(設定!$E$6="切り上げ",ROUNDUP(ROUND($A10*設定!$B$6,6),0),ROUNDDOWN(ROUND($A10*設定!$B$6,6),0)))*設定!$C$6,6),0),ROUNDDOWN(ROUND(($A10-IF(設定!$E$6="切り上げ",ROUNDUP(ROUND($A10*設定!$B$6,6),0),ROUNDDOWN(ROUND($A10*設定!$B$6,6),0)))*設定!$C$6,6),0))+設定!$D$6),"") | C10: =IF(ISNUMBER($A10),$A10-(IF(設定!$E$7="切り上げ",ROUNDUP(ROUND($A10*設定!$B$7,6),0),ROUNDDOWN(ROUND($A10*設定!$B$7,6),0))+IF(設定!$E$7="切り上げ",ROUNDUP(ROUND(($A10-IF(設定!$E$7="切り上げ",ROUNDUP(ROUND($A10*設定!$B$7,6),0),ROUNDDOWN(ROUND($A10*設定!$B$7,6),0)))*設定!$C$7,6),0),ROUNDDOWN(ROUND(($A10-IF(設定!$E$7="切り上げ",ROUNDUP(ROUND($A10*設定!$B$7,6),0),ROUNDDOWN(ROUND($A10*設定!$B$7,6),0)))*設定!$C$7,6),0))+設定!$D$7),"") | D10: =IF(ISNUMBER($A10),$A10-(IF(設定!$E$8="切り上げ",ROUNDUP(ROUND($A10*設定!$B$8,6),0),ROUNDDOWN(ROUND($A10*設定!$B$8,6),0))+IF(設定!$E$8="切り上げ",ROUNDUP(ROUND(($A10-IF(設定!$E$8="切り上げ",ROUNDUP(ROUND($A10*設定!$B$8,6),0),ROUNDDOWN(ROUND($A10*設定!$B$8,6),0)))*設定!$C$8,6),0),ROUNDDOWN(ROUND(($A10-IF(設定!$E$8="切り上げ",ROUNDUP(ROUND($A10*設定!$B$8,6),0),ROUNDDOWN(ROUND($A10*設定!$B$8,6),0)))*設定!$C$8,6),0))+設定!$D$8),"") | E10: =IF(ISNUMBER($A10),$A10-(IF(設定!$E$9="切り上げ",ROUNDUP(ROUND($A10*設定!$B$9,6),0),ROUNDDOWN(ROUND($A10*設定!$B$9,6),0))+IF(設定!$E$9="切り上げ",ROUNDUP(ROUND(($A10-IF(設定!$E$9="切り上げ",ROUNDUP(ROUND($A10*設定!$B$9,6),0),ROUNDDOWN(ROUND($A10*設定!$B$9,6),0)))*設定!$C$9,6),0),ROUNDDOWN(ROUND(($A10-IF(設定!$E$9="切り上げ",ROUNDUP(ROUND($A10*設定!$B$9,6),0),ROUNDDOWN(ROUND($A10*設定!$B$9,6),0)))*設定!$C$9,6),0))+設定!$D$9),"") | F10: =IF(ISNUMBER($A10),$A10-(IF(設定!$E$10="切り上げ",ROUNDUP(ROUND($A10*設定!$B$10,6),0),ROUNDDOWN(ROUND($A10*設定!$B$10,6),0))+IF(設定!$E$10="切り上げ",ROUNDUP(ROUND(($A10-IF(設定!$E$10="切り上げ",ROUNDUP(ROUND($A10*設定!$B$10,6),0),ROUNDDOWN(ROUND($A10*設定!$B$10,6),0)))*設定!$C$10,6),0),ROUNDDOWN(ROUND(($A10-IF(設定!$E$10="切り上げ",ROUNDUP(ROUND($A10*設定!$B$10,6),0),ROUNDDOWN(ROUND($A10*設定!$B$10,6),0)))*設定!$C$10,6),0))+設定!$D$10),"") | G10: =IF(ISNUMBER(D10),D10-設定!$F$8,"")
A11: 10000 | B11: =IF(ISNUMBER($A11),$A11-(IF(設定!$E$6="切り上げ",ROUNDUP(ROUND($A11*設定!$B$6,6),0),ROUNDDOWN(ROUND($A11*設定!$B$6,6),0))+IF(設定!$E$6="切り上げ",ROUNDUP(ROUND(($A11-IF(設定!$E$6="切り上げ",ROUNDUP(ROUND($A11*設定!$B$6,6),0),ROUNDDOWN(ROUND($A11*設定!$B$6,6),0)))*設定!$C$6,6),0),ROUNDDOWN(ROUND(($A11-IF(設定!$E$6="切り上げ",ROUNDUP(ROUND($A11*設定!$B$6,6),0),ROUNDDOWN(ROUND($A11*設定!$B$6,6),0)))*設定!$C$6,6),0))+設定!$D$6),"") | C11: =IF(ISNUMBER($A11),$A11-(IF(設定!$E$7="切り上げ",ROUNDUP(ROUND($A11*設定!$B$7,6),0),ROUNDDOWN(ROUND($A11*設定!$B$7,6),0))+IF(設定!$E$7="切り上げ",ROUNDUP(ROUND(($A11-IF(設定!$E$7="切り上げ",ROUNDUP(ROUND($A11*設定!$B$7,6),0),ROUNDDOWN(ROUND($A11*設定!$B$7,6),0)))*設定!$C$7,6),0),ROUNDDOWN(ROUND(($A11-IF(設定!$E$7="切り上げ",ROUNDUP(ROUND($A11*設定!$B$7,6),0),ROUNDDOWN(ROUND($A11*設定!$B$7,6),0)))*設定!$C$7,6),0))+設定!$D$7),"") | D11: =IF(ISNUMBER($A11),$A11-(IF(設定!$E$8="切り上げ",ROUNDUP(ROUND($A11*設定!$B$8,6),0),ROUNDDOWN(ROUND($A11*設定!$B$8,6),0))+IF(設定!$E$8="切り上げ",ROUNDUP(ROUND(($A11-IF(設定!$E$8="切り上げ",ROUNDUP(ROUND($A11*設定!$B$8,6),0),ROUNDDOWN(ROUND($A11*設定!$B$8,6),0)))*設定!$C$8,6),0),ROUNDDOWN(ROUND(($A11-IF(設定!$E$8="切り上げ",ROUNDUP(ROUND($A11*設定!$B$8,6),0),ROUNDDOWN(ROUND($A11*設定!$B$8,6),0)))*設定!$C$8,6),0))+設定!$D$8),"") | E11: =IF(ISNUMBER($A11),$A11-(IF(設定!$E$9="切り上げ",ROUNDUP(ROUND($A11*設定!$B$9,6),0),ROUNDDOWN(ROUND($A11*設定!$B$9,6),0))+IF(設定!$E$9="切り上げ",ROUNDUP(ROUND(($A11-IF(設定!$E$9="切り上げ",ROUNDUP(ROUND($A11*設定!$B$9,6),0),ROUNDDOWN(ROUND($A11*設定!$B$9,6),0)))*設定!$C$9,6),0),ROUNDDOWN(ROUND(($A11-IF(設定!$E$9="切り上げ",ROUNDUP(ROUND($A11*設定!$B$9,6),0),ROUNDDOWN(ROUND($A11*設定!$B$9,6),0)))*設定!$C$9,6),0))+設定!$D$9),"") | F11: =IF(ISNUMBER($A11),$A11-(IF(設定!$E$10="切り上げ",ROUNDUP(ROUND($A11*設定!$B$10,6),0),ROUNDDOWN(ROUND($A11*設定!$B$10,6),0))+IF(設定!$E$10="切り上げ",ROUNDUP(ROUND(($A11-IF(設定!$E$10="切り上げ",ROUNDUP(ROUND($A11*設定!$B$10,6),0),ROUNDDOWN(ROUND($A11*設定!$B$10,6),0)))*設定!$C$10,6),0),ROUNDDOWN(ROUND(($A11-IF(設定!$E$10="切り上げ",ROUNDUP(ROUND($A11*設定!$B$10,6),0),ROUNDDOWN(ROUND($A11*設定!$B$10,6),0)))*設定!$C$10,6),0))+設定!$D$10),"") | G11: =IF(ISNUMBER(D11),D11-設定!$F$8,"")
A13: 引かれる手数料合計(円) = 決済手数料 + 利用料 + 固定額
A14: 売値(円) | B14: =設定!$A$6 | C14: =設定!$A$7 | D14: =設定!$A$8 | E14: =設定!$A$9 | F14: =設定!$A$10
A15: =A6 | B15: =IF(ISNUMBER($A15),IF(設定!$E$6="切り上げ",ROUNDUP(ROUND($A15*設定!$B$6,6),0),ROUNDDOWN(ROUND($A15*設定!$B$6,6),0))+IF(設定!$E$6="切り上げ",ROUNDUP(ROUND(($A15-IF(設定!$E$6="切り上げ",ROUNDUP(ROUND($A15*設定!$B$6,6),0),ROUNDDOWN(ROUND($A15*設定!$B$6,6),0)))*設定!$C$6,6),0),ROUNDDOWN(ROUND(($A15-IF(設定!$E$6="切り上げ",ROUNDUP(ROUND($A15*設定!$B$6,6),0),ROUNDDOWN(ROUND($A15*設定!$B$6,6),0)))*設定!$C$6,6),0))+設定!$D$6,"") | C15: =IF(ISNUMBER($A15),IF(設定!$E$7="切り上げ",ROUNDUP(ROUND($A15*設定!$B$7,6),0),ROUNDDOWN(ROUND($A15*設定!$B$7,6),0))+IF(設定!$E$7="切り上げ",ROUNDUP(ROUND(($A15-IF(設定!$E$7="切り上げ",ROUNDUP(ROUND($A15*設定!$B$7,6),0),ROUNDDOWN(ROUND($A15*設定!$B$7,6),0)))*設定!$C$7,6),0),ROUNDDOWN(ROUND(($A15-IF(設定!$E$7="切り上げ",ROUNDUP(ROUND($A15*設定!$B$7,6),0),ROUNDDOWN(ROUND($A15*設定!$B$7,6),0)))*設定!$C$7,6),0))+設定!$D$7,"") | D15: =IF(ISNUMBER($A15),IF(設定!$E$8="切り上げ",ROUNDUP(ROUND($A15*設定!$B$8,6),0),ROUNDDOWN(ROUND($A15*設定!$B$8,6),0))+IF(設定!$E$8="切り上げ",ROUNDUP(ROUND(($A15-IF(設定!$E$8="切り上げ",ROUNDUP(ROUND($A15*設定!$B$8,6),0),ROUNDDOWN(ROUND($A15*設定!$B$8,6),0)))*設定!$C$8,6),0),ROUNDDOWN(ROUND(($A15-IF(設定!$E$8="切り上げ",ROUNDUP(ROUND($A15*設定!$B$8,6),0),ROUNDDOWN(ROUND($A15*設定!$B$8,6),0)))*設定!$C$8,6),0))+設定!$D$8,"") | E15: =IF(ISNUMBER($A15),IF(設定!$E$9="切り上げ",ROUNDUP(ROUND($A15*設定!$B$9,6),0),ROUNDDOWN(ROUND($A15*設定!$B$9,6),0))+IF(設定!$E$9="切り上げ",ROUNDUP(ROUND(($A15-IF(設定!$E$9="切り上げ",ROUNDUP(ROUND($A15*設定!$B$9,6),0),ROUNDDOWN(ROUND($A15*設定!$B$9,6),0)))*設定!$C$9,6),0),ROUNDDOWN(ROUND(($A15-IF(設定!$E$9="切り上げ",ROUNDUP(ROUND($A15*設定!$B$9,6),0),ROUNDDOWN(ROUND($A15*設定!$B$9,6),0)))*設定!$C$9,6),0))+設定!$D$9,"") | F15: =IF(ISNUMBER($A15),IF(設定!$E$10="切り上げ",ROUNDUP(ROUND($A15*設定!$B$10,6),0),ROUNDDOWN(ROUND($A15*設定!$B$10,6),0))+IF(設定!$E$10="切り上げ",ROUNDUP(ROUND(($A15-IF(設定!$E$10="切り上げ",ROUNDUP(ROUND($A15*設定!$B$10,6),0),ROUNDDOWN(ROUND($A15*設定!$B$10,6),0)))*設定!$C$10,6),0),ROUNDDOWN(ROUND(($A15-IF(設定!$E$10="切り上げ",ROUNDUP(ROUND($A15*設定!$B$10,6),0),ROUNDDOWN(ROUND($A15*設定!$B$10,6),0)))*設定!$C$10,6),0))+設定!$D$10,"")
A16: =A7 | B16: =IF(ISNUMBER($A16),IF(設定!$E$6="切り上げ",ROUNDUP(ROUND($A16*設定!$B$6,6),0),ROUNDDOWN(ROUND($A16*設定!$B$6,6),0))+IF(設定!$E$6="切り上げ",ROUNDUP(ROUND(($A16-IF(設定!$E$6="切り上げ",ROUNDUP(ROUND($A16*設定!$B$6,6),0),ROUNDDOWN(ROUND($A16*設定!$B$6,6),0)))*設定!$C$6,6),0),ROUNDDOWN(ROUND(($A16-IF(設定!$E$6="切り上げ",ROUNDUP(ROUND($A16*設定!$B$6,6),0),ROUNDDOWN(ROUND($A16*設定!$B$6,6),0)))*設定!$C$6,6),0))+設定!$D$6,"") | C16: =IF(ISNUMBER($A16),IF(設定!$E$7="切り上げ",ROUNDUP(ROUND($A16*設定!$B$7,6),0),ROUNDDOWN(ROUND($A16*設定!$B$7,6),0))+IF(設定!$E$7="切り上げ",ROUNDUP(ROUND(($A16-IF(設定!$E$7="切り上げ",ROUNDUP(ROUND($A16*設定!$B$7,6),0),ROUNDDOWN(ROUND($A16*設定!$B$7,6),0)))*設定!$C$7,6),0),ROUNDDOWN(ROUND(($A16-IF(設定!$E$7="切り上げ",ROUNDUP(ROUND($A16*設定!$B$7,6),0),ROUNDDOWN(ROUND($A16*設定!$B$7,6),0)))*設定!$C$7,6),0))+設定!$D$7,"") | D16: =IF(ISNUMBER($A16),IF(設定!$E$8="切り上げ",ROUNDUP(ROUND($A16*設定!$B$8,6),0),ROUNDDOWN(ROUND($A16*設定!$B$8,6),0))+IF(設定!$E$8="切り上げ",ROUNDUP(ROUND(($A16-IF(設定!$E$8="切り上げ",ROUNDUP(ROUND($A16*設定!$B$8,6),0),ROUNDDOWN(ROUND($A16*設定!$B$8,6),0)))*設定!$C$8,6),0),ROUNDDOWN(ROUND(($A16-IF(設定!$E$8="切り上げ",ROUNDUP(ROUND($A16*設定!$B$8,6),0),ROUNDDOWN(ROUND($A16*設定!$B$8,6),0)))*設定!$C$8,6),0))+設定!$D$8,"") | E16: =IF(ISNUMBER($A16),IF(設定!$E$9="切り上げ",ROUNDUP(ROUND($A16*設定!$B$9,6),0),ROUNDDOWN(ROUND($A16*設定!$B$9,6),0))+IF(設定!$E$9="切り上げ",ROUNDUP(ROUND(($A16-IF(設定!$E$9="切り上げ",ROUNDUP(ROUND($A16*設定!$B$9,6),0),ROUNDDOWN(ROUND($A16*設定!$B$9,6),0)))*設定!$C$9,6),0),ROUNDDOWN(ROUND(($A16-IF(設定!$E$9="切り上げ",ROUNDUP(ROUND($A16*設定!$B$9,6),0),ROUNDDOWN(ROUND($A16*設定!$B$9,6),0)))*設定!$C$9,6),0))+設定!$D$9,"") | F16: =IF(ISNUMBER($A16),IF(設定!$E$10="切り上げ",ROUNDUP(ROUND($A16*設定!$B$10,6),0),ROUNDDOWN(ROUND($A16*設定!$B$10,6),0))+IF(設定!$E$10="切り上げ",ROUNDUP(ROUND(($A16-IF(設定!$E$10="切り上げ",ROUNDUP(ROUND($A16*設定!$B$10,6),0),ROUNDDOWN(ROUND($A16*設定!$B$10,6),0)))*設定!$C$10,6),0),ROUNDDOWN(ROUND(($A16-IF(設定!$E$10="切り上げ",ROUNDUP(ROUND($A16*設定!$B$10,6),0),ROUNDDOWN(ROUND($A16*設定!$B$10,6),0)))*設定!$C$10,6),0))+設定!$D$10,"")
A17: =A8 | B17: =IF(ISNUMBER($A17),IF(設定!$E$6="切り上げ",ROUNDUP(ROUND($A17*設定!$B$6,6),0),ROUNDDOWN(ROUND($A17*設定!$B$6,6),0))+IF(設定!$E$6="切り上げ",ROUNDUP(ROUND(($A17-IF(設定!$E$6="切り上げ",ROUNDUP(ROUND($A17*設定!$B$6,6),0),ROUNDDOWN(ROUND($A17*設定!$B$6,6),0)))*設定!$C$6,6),0),ROUNDDOWN(ROUND(($A17-IF(設定!$E$6="切り上げ",ROUNDUP(ROUND($A17*設定!$B$6,6),0),ROUNDDOWN(ROUND($A17*設定!$B$6,6),0)))*設定!$C$6,6),0))+設定!$D$6,"") | C17: =IF(ISNUMBER($A17),IF(設定!$E$7="切り上げ",ROUNDUP(ROUND($A17*設定!$B$7,6),0),ROUNDDOWN(ROUND($A17*設定!$B$7,6),0))+IF(設定!$E$7="切り上げ",ROUNDUP(ROUND(($A17-IF(設定!$E$7="切り上げ",ROUNDUP(ROUND($A17*設定!$B$7,6),0),ROUNDDOWN(ROUND($A17*設定!$B$7,6),0)))*設定!$C$7,6),0),ROUNDDOWN(ROUND(($A17-IF(設定!$E$7="切り上げ",ROUNDUP(ROUND($A17*設定!$B$7,6),0),ROUNDDOWN(ROUND($A17*設定!$B$7,6),0)))*設定!$C$7,6),0))+設定!$D$7,"") | D17: =IF(ISNUMBER($A17),IF(設定!$E$8="切り上げ",ROUNDUP(ROUND($A17*設定!$B$8,6),0),ROUNDDOWN(ROUND($A17*設定!$B$8,6),0))+IF(設定!$E$8="切り上げ",ROUNDUP(ROUND(($A17-IF(設定!$E$8="切り上げ",ROUNDUP(ROUND($A17*設定!$B$8,6),0),ROUNDDOWN(ROUND($A17*設定!$B$8,6),0)))*設定!$C$8,6),0),ROUNDDOWN(ROUND(($A17-IF(設定!$E$8="切り上げ",ROUNDUP(ROUND($A17*設定!$B$8,6),0),ROUNDDOWN(ROUND($A17*設定!$B$8,6),0)))*設定!$C$8,6),0))+設定!$D$8,"") | E17: =IF(ISNUMBER($A17),IF(設定!$E$9="切り上げ",ROUNDUP(ROUND($A17*設定!$B$9,6),0),ROUNDDOWN(ROUND($A17*設定!$B$9,6),0))+IF(設定!$E$9="切り上げ",ROUNDUP(ROUND(($A17-IF(設定!$E$9="切り上げ",ROUNDUP(ROUND($A17*設定!$B$9,6),0),ROUNDDOWN(ROUND($A17*設定!$B$9,6),0)))*設定!$C$9,6),0),ROUNDDOWN(ROUND(($A17-IF(設定!$E$9="切り上げ",ROUNDUP(ROUND($A17*設定!$B$9,6),0),ROUNDDOWN(ROUND($A17*設定!$B$9,6),0)))*設定!$C$9,6),0))+設定!$D$9,"") | F17: =IF(ISNUMBER($A17),IF(設定!$E$10="切り上げ",ROUNDUP(ROUND($A17*設定!$B$10,6),0),ROUNDDOWN(ROUND($A17*設定!$B$10,6),0))+IF(設定!$E$10="切り上げ",ROUNDUP(ROUND(($A17-IF(設定!$E$10="切り上げ",ROUNDUP(ROUND($A17*設定!$B$10,6),0),ROUNDDOWN(ROUND($A17*設定!$B$10,6),0)))*設定!$C$10,6),0),ROUNDDOWN(ROUND(($A17-IF(設定!$E$10="切り上げ",ROUNDUP(ROUND($A17*設定!$B$10,6),0),ROUNDDOWN(ROUND($A17*設定!$B$10,6),0)))*設定!$C$10,6),0))+設定!$D$10,"")
A18: =A9 | B18: =IF(ISNUMBER($A18),IF(設定!$E$6="切り上げ",ROUNDUP(ROUND($A18*設定!$B$6,6),0),ROUNDDOWN(ROUND($A18*設定!$B$6,6),0))+IF(設定!$E$6="切り上げ",ROUNDUP(ROUND(($A18-IF(設定!$E$6="切り上げ",ROUNDUP(ROUND($A18*設定!$B$6,6),0),ROUNDDOWN(ROUND($A18*設定!$B$6,6),0)))*設定!$C$6,6),0),ROUNDDOWN(ROUND(($A18-IF(設定!$E$6="切り上げ",ROUNDUP(ROUND($A18*設定!$B$6,6),0),ROUNDDOWN(ROUND($A18*設定!$B$6,6),0)))*設定!$C$6,6),0))+設定!$D$6,"") | C18: =IF(ISNUMBER($A18),IF(設定!$E$7="切り上げ",ROUNDUP(ROUND($A18*設定!$B$7,6),0),ROUNDDOWN(ROUND($A18*設定!$B$7,6),0))+IF(設定!$E$7="切り上げ",ROUNDUP(ROUND(($A18-IF(設定!$E$7="切り上げ",ROUNDUP(ROUND($A18*設定!$B$7,6),0),ROUNDDOWN(ROUND($A18*設定!$B$7,6),0)))*設定!$C$7,6),0),ROUNDDOWN(ROUND(($A18-IF(設定!$E$7="切り上げ",ROUNDUP(ROUND($A18*設定!$B$7,6),0),ROUNDDOWN(ROUND($A18*設定!$B$7,6),0)))*設定!$C$7,6),0))+設定!$D$7,"") | D18: =IF(ISNUMBER($A18),IF(設定!$E$8="切り上げ",ROUNDUP(ROUND($A18*設定!$B$8,6),0),ROUNDDOWN(ROUND($A18*設定!$B$8,6),0))+IF(設定!$E$8="切り上げ",ROUNDUP(ROUND(($A18-IF(設定!$E$8="切り上げ",ROUNDUP(ROUND($A18*設定!$B$8,6),0),ROUNDDOWN(ROUND($A18*設定!$B$8,6),0)))*設定!$C$8,6),0),ROUNDDOWN(ROUND(($A18-IF(設定!$E$8="切り上げ",ROUNDUP(ROUND($A18*設定!$B$8,6),0),ROUNDDOWN(ROUND($A18*設定!$B$8,6),0)))*設定!$C$8,6),0))+設定!$D$8,"") | E18: =IF(ISNUMBER($A18),IF(設定!$E$9="切り上げ",ROUNDUP(ROUND($A18*設定!$B$9,6),0),ROUNDDOWN(ROUND($A18*設定!$B$9,6),0))+IF(設定!$E$9="切り上げ",ROUNDUP(ROUND(($A18-IF(設定!$E$9="切り上げ",ROUNDUP(ROUND($A18*設定!$B$9,6),0),ROUNDDOWN(ROUND($A18*設定!$B$9,6),0)))*設定!$C$9,6),0),ROUNDDOWN(ROUND(($A18-IF(設定!$E$9="切り上げ",ROUNDUP(ROUND($A18*設定!$B$9,6),0),ROUNDDOWN(ROUND($A18*設定!$B$9,6),0)))*設定!$C$9,6),0))+設定!$D$9,"") | F18: =IF(ISNUMBER($A18),IF(設定!$E$10="切り上げ",ROUNDUP(ROUND($A18*設定!$B$10,6),0),ROUNDDOWN(ROUND($A18*設定!$B$10,6),0))+IF(設定!$E$10="切り上げ",ROUNDUP(ROUND(($A18-IF(設定!$E$10="切り上げ",ROUNDUP(ROUND($A18*設定!$B$10,6),0),ROUNDDOWN(ROUND($A18*設定!$B$10,6),0)))*設定!$C$10,6),0),ROUNDDOWN(ROUND(($A18-IF(設定!$E$10="切り上げ",ROUNDUP(ROUND($A18*設定!$B$10,6),0),ROUNDDOWN(ROUND($A18*設定!$B$10,6),0)))*設定!$C$10,6),0))+設定!$D$10,"")
A19: =A10 | B19: =IF(ISNUMBER($A19),IF(設定!$E$6="切り上げ",ROUNDUP(ROUND($A19*設定!$B$6,6),0),ROUNDDOWN(ROUND($A19*設定!$B$6,6),0))+IF(設定!$E$6="切り上げ",ROUNDUP(ROUND(($A19-IF(設定!$E$6="切り上げ",ROUNDUP(ROUND($A19*設定!$B$6,6),0),ROUNDDOWN(ROUND($A19*設定!$B$6,6),0)))*設定!$C$6,6),0),ROUNDDOWN(ROUND(($A19-IF(設定!$E$6="切り上げ",ROUNDUP(ROUND($A19*設定!$B$6,6),0),ROUNDDOWN(ROUND($A19*設定!$B$6,6),0)))*設定!$C$6,6),0))+設定!$D$6,"") | C19: =IF(ISNUMBER($A19),IF(設定!$E$7="切り上げ",ROUNDUP(ROUND($A19*設定!$B$7,6),0),ROUNDDOWN(ROUND($A19*設定!$B$7,6),0))+IF(設定!$E$7="切り上げ",ROUNDUP(ROUND(($A19-IF(設定!$E$7="切り上げ",ROUNDUP(ROUND($A19*設定!$B$7,6),0),ROUNDDOWN(ROUND($A19*設定!$B$7,6),0)))*設定!$C$7,6),0),ROUNDDOWN(ROUND(($A19-IF(設定!$E$7="切り上げ",ROUNDUP(ROUND($A19*設定!$B$7,6),0),ROUNDDOWN(ROUND($A19*設定!$B$7,6),0)))*設定!$C$7,6),0))+設定!$D$7,"") | D19: =IF(ISNUMBER($A19),IF(設定!$E$8="切り上げ",ROUNDUP(ROUND($A19*設定!$B$8,6),0),ROUNDDOWN(ROUND($A19*設定!$B$8,6),0))+IF(設定!$E$8="切り上げ",ROUNDUP(ROUND(($A19-IF(設定!$E$8="切り上げ",ROUNDUP(ROUND($A19*設定!$B$8,6),0),ROUNDDOWN(ROUND($A19*設定!$B$8,6),0)))*設定!$C$8,6),0),ROUNDDOWN(ROUND(($A19-IF(設定!$E$8="切り上げ",ROUNDUP(ROUND($A19*設定!$B$8,6),0),ROUNDDOWN(ROUND($A19*設定!$B$8,6),0)))*設定!$C$8,6),0))+設定!$D$8,"") | E19: =IF(ISNUMBER($A19),IF(設定!$E$9="切り上げ",ROUNDUP(ROUND($A19*設定!$B$9,6),0),ROUNDDOWN(ROUND($A19*設定!$B$9,6),0))+IF(設定!$E$9="切り上げ",ROUNDUP(ROUND(($A19-IF(設定!$E$9="切り上げ",ROUNDUP(ROUND($A19*設定!$B$9,6),0),ROUNDDOWN(ROUND($A19*設定!$B$9,6),0)))*設定!$C$9,6),0),ROUNDDOWN(ROUND(($A19-IF(設定!$E$9="切り上げ",ROUNDUP(ROUND($A19*設定!$B$9,6),0),ROUNDDOWN(ROUND($A19*設定!$B$9,6),0)))*設定!$C$9,6),0))+設定!$D$9,"") | F19: =IF(ISNUMBER($A19),IF(設定!$E$10="切り上げ",ROUNDUP(ROUND($A19*設定!$B$10,6),0),ROUNDDOWN(ROUND($A19*設定!$B$10,6),0))+IF(設定!$E$10="切り上げ",ROUNDUP(ROUND(($A19-IF(設定!$E$10="切り上げ",ROUNDUP(ROUND($A19*設定!$B$10,6),0),ROUNDDOWN(ROUND($A19*設定!$B$10,6),0)))*設定!$C$10,6),0),ROUNDDOWN(ROUND(($A19-IF(設定!$E$10="切り上げ",ROUNDUP(ROUND($A19*設定!$B$10,6),0),ROUNDDOWN(ROUND($A19*設定!$B$10,6),0)))*設定!$C$10,6),0))+設定!$D$10,"")
A20: =A11 | B20: =IF(ISNUMBER($A20),IF(設定!$E$6="切り上げ",ROUNDUP(ROUND($A20*設定!$B$6,6),0),ROUNDDOWN(ROUND($A20*設定!$B$6,6),0))+IF(設定!$E$6="切り上げ",ROUNDUP(ROUND(($A20-IF(設定!$E$6="切り上げ",ROUNDUP(ROUND($A20*設定!$B$6,6),0),ROUNDDOWN(ROUND($A20*設定!$B$6,6),0)))*設定!$C$6,6),0),ROUNDDOWN(ROUND(($A20-IF(設定!$E$6="切り上げ",ROUNDUP(ROUND($A20*設定!$B$6,6),0),ROUNDDOWN(ROUND($A20*設定!$B$6,6),0)))*設定!$C$6,6),0))+設定!$D$6,"") | C20: =IF(ISNUMBER($A20),IF(設定!$E$7="切り上げ",ROUNDUP(ROUND($A20*設定!$B$7,6),0),ROUNDDOWN(ROUND($A20*設定!$B$7,6),0))+IF(設定!$E$7="切り上げ",ROUNDUP(ROUND(($A20-IF(設定!$E$7="切り上げ",ROUNDUP(ROUND($A20*設定!$B$7,6),0),ROUNDDOWN(ROUND($A20*設定!$B$7,6),0)))*設定!$C$7,6),0),ROUNDDOWN(ROUND(($A20-IF(設定!$E$7="切り上げ",ROUNDUP(ROUND($A20*設定!$B$7,6),0),ROUNDDOWN(ROUND($A20*設定!$B$7,6),0)))*設定!$C$7,6),0))+設定!$D$7,"") | D20: =IF(ISNUMBER($A20),IF(設定!$E$8="切り上げ",ROUNDUP(ROUND($A20*設定!$B$8,6),0),ROUNDDOWN(ROUND($A20*設定!$B$8,6),0))+IF(設定!$E$8="切り上げ",ROUNDUP(ROUND(($A20-IF(設定!$E$8="切り上げ",ROUNDUP(ROUND($A20*設定!$B$8,6),0),ROUNDDOWN(ROUND($A20*設定!$B$8,6),0)))*設定!$C$8,6),0),ROUNDDOWN(ROUND(($A20-IF(設定!$E$8="切り上げ",ROUNDUP(ROUND($A20*設定!$B$8,6),0),ROUNDDOWN(ROUND($A20*設定!$B$8,6),0)))*設定!$C$8,6),0))+設定!$D$8,"") | E20: =IF(ISNUMBER($A20),IF(設定!$E$9="切り上げ",ROUNDUP(ROUND($A20*設定!$B$9,6),0),ROUNDDOWN(ROUND($A20*設定!$B$9,6),0))+IF(設定!$E$9="切り上げ",ROUNDUP(ROUND(($A20-IF(設定!$E$9="切り上げ",ROUNDUP(ROUND($A20*設定!$B$9,6),0),ROUNDDOWN(ROUND($A20*設定!$B$9,6),0)))*設定!$C$9,6),0),ROUNDDOWN(ROUND(($A20-IF(設定!$E$9="切り上げ",ROUNDUP(ROUND($A20*設定!$B$9,6),0),ROUNDDOWN(ROUND($A20*設定!$B$9,6),0)))*設定!$C$9,6),0))+設定!$D$9,"") | F20: =IF(ISNUMBER($A20),IF(設定!$E$10="切り上げ",ROUNDUP(ROUND($A20*設定!$B$10,6),0),ROUNDDOWN(ROUND($A20*設定!$B$10,6),0))+IF(設定!$E$10="切り上げ",ROUNDUP(ROUND(($A20-IF(設定!$E$10="切り上げ",ROUNDUP(ROUND($A20*設定!$B$10,6),0),ROUNDDOWN(ROUND($A20*設定!$B$10,6),0)))*設定!$C$10,6),0),ROUNDDOWN(ROUND(($A20-IF(設定!$E$10="切り上げ",ROUNDUP(ROUND($A20*設定!$B$10,6),0),ROUNDDOWN(ROUND($A20*設定!$B$10,6),0)))*設定!$C$10,6),0))+設定!$D$10,"")
A22: ・初期の設定どおりなら、1,000円の手取りは ココナラ780円・BOOTH899円・note855円です(noteはカード払い)。
A23: ・noteの585円(公式ヘルプの例)は、1件の手取り855円から、振込手数料270円を1回引いた額です。右の列がそれです。
A24: ・振込手数料は振込1回ごとなので、何件分かまとめて振り込めば、1件あたりの負担は小さくなります。
A25: ・ココナラ・BOOTHの出金の手数料は入れていません。直接取引は手数料0円の設定なので、売値と同じになります。
